crop,source,texture,method,hole_y,hole_x,hole_size,K,sparsity,n_train,dict_iters,als_iters,crown_T,K_s,runtime_sec,full_psnr,full_ssim,full_mse,full_mae,hole_psnr,hole_mse,hole_mae,boundary_mae,observed_max_abs_err,train_rmse_initial,train_rmse_final,avg_nnz,crown_iters_completed,avg_outer_time_sec
brick_wall_01,brick,brick_wall,biharmonic,44,72,24,16,3,100,2,2,1,10,0.005853891372680664,34.956012695380366,0.983183113027284,0.00031944693860602914,0.0026026647200982547,20.416038136655125,0.009086490698127052,0.07403135203835035,0.019871645772447342,0.0,,,,,
brick_wall_01,brick,brick_wall,masked_ksvd,44,72,24,16,3,100,2,2,1,10,1.025498628616333,25.578838790946804,0.9632666601286134,0.0027676815643843215,0.007693277256175235,11.038864232221561,0.07872516449804293,0.2188309975089845,0.02898373268421112,0.0,0.020988511791244235,0.015897292638684068,2.9407144320743117,,
brick_wall_01,brick,brick_wall,crown_full,44,72,24,16,3,100,2,2,1,10,1.117539644241333,35.246642362831906,0.983803049409677,0.00029876915838930937,0.0024886629470773215,20.706667804106658,0.008498322727518132,0.07078863493908827,0.01911949981438059,0.0,0.020988511791244235,0.015897292638684068,,1,1.0409119129180908
