missing_ratio,method,num_images,hole_psnr_mean,hole_psnr_std,full_psnr_mean,full_psnr_std,full_ssim_mean,hole_mae_mean,runtime_sec_mean,missing_frac_actual_mean
0.1,biharmonic,1,31.130324562530937,0.0,41.016264040869366,0.0,0.9928460968182414,0.018785774767816038,0.008969783782958984,0.1026611328125
0.1,crown_full,1,30.84457791701484,0.0,40.73051739535327,0.0,0.9930121698568988,0.01906520747682825,1.8601369857788086,0.1026611328125
0.1,ksvd,1,28.2902756235714,0.0,38.17621510190983,0.0,0.9888084804028451,0.02411384294446912,1.7931277751922607,0.1026611328125
0.3,biharmonic,1,28.93630871799151,0.0,34.20432681523118,0.0,0.9651676612277318,0.023416843866363102,0.017766952514648438,0.29730224609375
0.3,crown_full,1,29.16977536904302,0.0,34.43779346628269,0.0,0.9686893737505687,0.022605448662198574,1.9244232177734375,0.29730224609375
0.3,ksvd,1,27.698117787066508,0.0,32.966135884306176,0.0,0.9612903629350646,0.026687699637194025,1.786581039428711,0.29730224609375
