image,missing_ratio,missing_frac_actual,method,seed,K,sparsity,n_train,dict_iters,als_iters,crown_T,K_s,runtime_sec,full_psnr,full_ssim,full_mse,full_mae,hole_psnr,hole_mse,hole_mae,boundary_mae,observed_max_abs_err,train_rmse_initial,train_rmse_final,avg_nnz,crown_iters_completed,avg_outer_time_sec
brick,0.1,0.1026611328125,biharmonic,42,16,3,100,2,2,1,10,0.008969783782958984,41.016264040869366,0.9928460968182414,7.913590911583149e-05,0.0019285689184244735,31.130324562530937,0.0007708458590688366,0.018785774767816038,0.002606853655594965,0.0,,,,,
brick,0.1,0.1026611328125,ksvd,42,16,3,100,2,2,1,10,1.7931277751922607,38.17621510190983,0.9888084804028451,0.0001521873272107009,0.002475554433141911,28.2902756235714,0.0014824240006064944,0.02411384294446912,0.00334621597496882,0.0,0.040632374650314204,0.03671823770950154,3.0,,
brick,0.1,0.1026611328125,crown_full,42,16,3,100,2,2,1,10,1.8601369857788086,40.73051739535327,0.9930121698568988,8.451781491315397e-05,0.0019572557968765333,30.84457791701484,0.000823269845146917,0.01906520747682825,0.002645629814043818,0.0,0.040632374650314204,0.03671823770950154,,1,1.755368947982788
brick,0.3,0.29730224609375,biharmonic,42,16,3,100,2,2,1,10,0.017766952514648438,34.20432681523118,0.9651676612277318,0.0003798108075607592,0.006961880277896403,28.93630871799151,0.001277524178007694,0.023416843866363102,0.007037478188120353,0.0,,,,,
brick,0.3,0.29730224609375,ksvd,42,16,3,100,2,2,1,10,1.786581039428711,32.966135884306176,0.9612903629350646,0.0005051105175079415,0.00793431304521314,27.698117787066508,0.00169897982320881,0.026687699637194025,0.008020470442545172,0.0,0.03989203516374707,0.03526026965584168,3.0,,
brick,0.3,0.29730224609375,crown_full,42,16,3,100,2,2,1,10,1.9244232177734375,34.43779346628269,0.9686893737505687,0.00035993216057928255,0.006720650661228592,29.16977536904302,0.0012106607511662832,0.022605448662198574,0.0067936290988135015,0.0,0.03989203516374707,0.03526026965584168,,1,1.8224480152130127
