{
  "headline": {
    "biharmonic": {
      "n": 128,
      "hole_psnr": 26.93193193072763,
      "full_psnr": 36.32769875012812,
      "full_ssim": 0.9703391883829474,
      "hole_mae": 0.038973431024800435,
      "runtime": 0.013571446761488914
    },
    "zero_ksvd": {
      "n": 152,
      "hole_psnr": 8.617624702330463,
      "full_psnr": 17.977578613637128,
      "full_ssim": 0.6145913204277577,
      "hole_mae": 0.3472678432541912,
      "runtime": 20.63988010114745
    },
    "masked_ksvd": {
      "n": 152,
      "hole_psnr": 20.930009449887017,
      "full_psnr": 30.289963361193678,
      "full_ssim": 0.9459393358087712,
      "hole_mae": 0.07808974714915105,
      "runtime": 20.469267318907537
    },
    "multiscale_ksvd": {
      "n": 152,
      "hole_psnr": 20.203449674551223,
      "full_psnr": 29.563403585857888,
      "full_ssim": 0.9134581136663988,
      "hole_mae": 0.10440692782836264,
      "runtime": 33.95773861125896
    },
    "crown_full": {
      "n": 176,
      "hole_psnr": 26.225099974606977,
      "full_psnr": 35.55900813457268,
      "full_ssim": 0.9710918600228066,
      "hole_mae": 0.03989456297544477,
      "runtime": 106.76816124604507
    },
    "crown_no_nonlocal": {
      "n": 176,
      "hole_psnr": 26.082877070426893,
      "full_psnr": 35.41678523039259,
      "full_ssim": 0.9705753456576368,
      "hole_mae": 0.04019214299725646,
      "runtime": 35.006669935177676
    },
    "crown_sparse_only": {
      "n": 176,
      "hole_psnr": 25.167930580486356,
      "full_psnr": 34.50183874045205,
      "full_ssim": 0.9673984619234525,
      "hole_mae": 0.04906209579860193,
      "runtime": 106.53930172933774
    }
  },
  "method_x_mask": {
    "biharmonic": {
      "random_p10": 33.086460915827566,
      "random_p30": 31.31520517582002,
      "scratches_n4_t8": 22.73830238468792,
      "square_s24": 20.587759246575015
    },
    "zero_ksvd": {
      "random_p10": 9.29849032099755,
      "random_p30": 9.950639993084494,
      "scratches_n4_t8": 6.546238055868274,
      "square_s24": 8.811303563104957
    },
    "masked_ksvd": {
      "random_p10": 27.615153760286656,
      "random_p30": 26.44694534596003,
      "scratches_n4_t8": 18.004790763268055,
      "square_s24": 12.990176792113246
    },
    "multiscale_ksvd": {
      "random_p10": 29.83583422902235,
      "random_p30": 25.63900483737053,
      "scratches_n4_t8": 14.278572293053529,
      "square_s24": 12.986864249652719
    },
    "crown_full": {
      "random_p10": 33.533950644858436,
      "random_p30": 31.0789513903597,
      "scratches_n4_t8": 22.66467247750263,
      "square_s24": 20.059108942457627
    },
    "crown_no_nonlocal": {
      "random_p10": 33.211366456590135,
      "random_p30": 30.664988295606467,
      "scratches_n4_t8": 22.466682316290473,
      "square_s24": 20.36463434194158
    },
    "crown_sparse_only": {
      "random_p10": 33.661578103037634,
      "random_p30": 31.166298233268062,
      "scratches_n4_t8": 21.2041663576838,
      "square_s24": 17.47089546880635
    }
  },
  "method_x_image": {
    "biharmonic": {
      "brick": 25.774701629537425,
      "camera": 24.161716283690286,
      "coins": 22.607390328919408,
      "moon": 35.1839194807634
    },
    "zero_ksvd": {
      "brick": 8.714540728466035,
      "camera": 8.146826274173058,
      "coins": 9.561851106784482,
      "moon": 8.187486600656468
    },
    "masked_ksvd": {
      "brick": 22.26900957898746,
      "camera": 20.164369337439286,
      "coins": 20.08916155267991,
      "moon": 20.982487324196633
    },
    "multiscale_ksvd": {
      "brick": 21.11870987571586,
      "camera": 17.594531230668366,
      "coins": 20.223124283285454,
      "moon": 22.51255514955455
    },
    "crown_full": {
      "brick": 26.283951205445547,
      "camera": 23.17342250282769,
      "coins": 22.887081072158242,
      "moon": 34.80056479870197
    },
    "crown_no_nonlocal": {
      "brick": 26.77004792239691,
      "camera": 22.78660876513185,
      "coins": 22.948812092723493,
      "moon": 33.782862591449096
    },
    "crown_sparse_only": {
      "brick": 27.476176242191073,
      "camera": 22.065146387667266,
      "coins": 22.39950077149972,
      "moon": 29.326802818923138
    }
  },
  "ablation_deltas": {
    "biharmonic": {
      "dPSNR": -0.31458063766055966,
      "dSSIM": -0.0036828759630086177,
      "dMAE": 0.002234989953242875,
      "dRT": -106.07631874270737,
      "n": 128
    },
    "zero_ksvd": {
      "dPSNR": -18.02865681351779,
      "dSSIM": -0.3578228655857174,
      "dMAE": 0.3086064230977028,
      "dRT": -89.57118401637203,
      "n": 152
    },
    "masked_ksvd": {
      "dPSNR": -5.71627206596124,
      "dSSIM": -0.026474850204703908,
      "dMAE": 0.03942832699266267,
      "dRT": -89.74179679861194,
      "n": 152
    },
    "multiscale_ksvd": {
      "dPSNR": -6.44283184129703,
      "dSSIM": -0.05895607234707622,
      "dMAE": 0.06574550767187426,
      "dRT": -76.25332550626052,
      "n": 152
    },
    "crown_no_nonlocal": {
      "dPSNR": -0.14222290418008415,
      "dSSIM": -0.0005165143651698497,
      "dMAE": 0.0002975800218116919,
      "dRT": -70.45467892356895,
      "n": 176
    },
    "crown_sparse_only": {
      "dPSNR": -1.057169394120622,
      "dSSIM": -0.00369339809935413,
      "dMAE": 0.009167532823157163,
      "dRT": 1.0779528705911203,
      "n": 176
    }
  },
  "crown_full_sensitivity": {
    "K=192_s=6_T=3": 26.41440505554623,
    "K=192_s=6_T=5": 26.302506460686626,
    "K=192_s=8_T=3": 26.42202306840023,
    "K=192_s=8_T=5": 26.278597053748342,
    "K=256_s=6_T=3": 26.13953558375748,
    "K=256_s=6_T=5": 26.017663394502524,
    "K=256_s=8_T=3": 26.207770183602094,
    "K=256_s=8_T=5": 26.018298996612295
  }
}