size,method,K,sparsity,n_train,dict_iters,als_iters,crown_T,dict_train_sec,runtime_sec,full_psnr,full_ssim,full_mse,full_mae,hole_psnr,hole_mse,hole_mae,boundary_mae,observed_max_abs_err
256,biharmonic,128,6,1000,5,10,,3.004823923110962,0.06298971176147461,30.03081136343166,0.9671005271272624,0.0009929305284997118,0.0054812962834332665,17.98961153687241,0.01588688845599539,0.08770074053493226,0.013259700687394434,0.0
256,masked_ksvd,128,6,1000,5,10,,3.004823923110962,32.36086368560791,20.58595127964204,0.9383384842878235,0.008737855774316803,0.021099980696000775,8.544751453082792,0.13980569238906884,0.33759969113601246,0.031176042018815624,0.0
256,crown,128,6,1000,5,10,3,3.004823923110962,1023.4171109199524,27.852685667983593,0.9625220036443934,0.0016395755495477848,0.007805936591759245,15.811485841424345,0.026233208792764556,0.12489498546814792,0.013071807908072164,0.0
