size,method,K,sparsity,n_train,dict_iters,als_iters,crown_T,runtime_sec,full_psnr,full_ssim,full_mse,full_mae,hole_psnr,hole_mse,hole_mae,boundary_mae,observed_max_abs_err
256,biharmonic,256,8,3000,15,10,,,31.47264190075195,0.9624039375457413,0.0007124195191494692,0.0039647938220368365,19.431442074192702,0.011398712306391506,0.06343670115258938,0.0135355076804627,0.0
256,masked_ksvd,256,8,3000,15,10,,,20.231148553004857,0.9341561604105832,0.009481676738268375,0.021949545620333934,8.189948726445607,0.15170682781229405,0.35119272992534295,0.03556387173352012,0.0
256,crown,256,8,3000,15,10,5,,28.200759327786194,0.9560294465653625,0.0015132966379716596,0.007052898718813008,16.159559501226944,0.024212746207546557,0.11284637950100813,0.019012660412200823,0.0
